Designator	Device	Footprint	Mid X	Mid Y	Ref X	Ref Y	Pad X	Pad Y	Pins	Layer	Rotation	SMD	Comment	Value	Type	Supplier	Datasheet
"C1"	"CL10A106KP8NNNC"	"C0603"	"71.12mm"	"11.938mm"	"71.12mm"	"11.938mm"	"70.42mm"	"11.938mm"	"2"	"T"	"0"	"Yes"	"CL10A106KP8NNNC"	"10uF"	""	"LCSC"	"https://item.szlcsc.com/datasheet/CL10A106KP8NNNC/20411.html"
"C2"	"CL10A105KB8NNNC"	"C0603"	"81.28mm"	"13.208mm"	"81.28mm"	"13.208mm"	"80.58mm"	"13.208mm"	"2"	"T"	"0"	"Yes"	"CL10A105KB8NNNC"	"1uF"	""	"LCSC"	"https://item.szlcsc.com/datasheet/CL10A105KB8NNNC/16531.html"
"C3"	"CL10A105KB8NNNC"	"C0603"	"87.122mm"	"10.414mm"	"87.122mm"	"10.414mm"	"86.422mm"	"10.414mm"	"2"	"T"	"0"	"Yes"	"CL10A105KB8NNNC"	"1uF"	""	"LCSC"	"https://item.szlcsc.com/datasheet/CL10A105KB8NNNC/16531.html"
"C4"	"CL10A106KP8NNNC"	"C0603"	"87.884mm"	"13.462mm"	"87.884mm"	"13.462mm"	"87.184mm"	"13.462mm"	"2"	"T"	"0"	"Yes"	"CL10A106KP8NNNC"	"10uF"	""	"LCSC"	"https://item.szlcsc.com/datasheet/CL10A106KP8NNNC/20411.html"
"C5"	"CL10A105KB8NNNC"	"C0603"	"87.884mm"	"19.05mm"	"87.884mm"	"19.05mm"	"87.184mm"	"19.05mm"	"2"	"T"	"0"	"Yes"	"CL10A105KB8NNNC"	"1uF"	""	"LCSC"	"https://item.szlcsc.com/datasheet/CL10A105KB8NNNC/16531.html"
"C7"	"CC0603KRX7R9BB104"	"C0603"	"71.882mm"	"17.526mm"	"71.882mm"	"17.526mm"	"71.182mm"	"17.526mm"	"2"	"T"	"0"	"Yes"	"CC0603KRX7R9BB104"	"100nF"	""	"LCSC"	"https://item.szlcsc.com/datasheet/CC0603KRX7R9BB104/15331.html"
"C8"	"CL10A106KP8NNNC"	"C0603"	"71.882mm"	"20.32mm"	"71.882mm"	"20.32mm"	"71.182mm"	"20.32mm"	"2"	"T"	"0"	"Yes"	"CL10A106KP8NNNC"	"10uF"	""	"LCSC"	"https://item.szlcsc.com/datasheet/CL10A106KP8NNNC/20411.html"
"C9"	"CC0603KRX7R9BB104"	"C0603"	"68.58mm"	"18.288mm"	"68.58mm"	"18.288mm"	"67.88mm"	"18.288mm"	"2"	"T"	"0"	"Yes"	"CC0603KRX7R9BB104"	"100nF"	""	"LCSC"	"https://item.szlcsc.com/datasheet/CC0603KRX7R9BB104/15331.html"
"C10"	"TCC0603COG220J500CT"	"C0603"	"78.486mm"	"27.051mm"	"78.486mm"	"27.051mm"	"77.786mm"	"27.051mm"	"2"	"T"	"0"	"Yes"	"TCC0603COG220J500CT"	"22pF"	""	"LCSC"	"https://item.szlcsc.com/datasheet/TCC0603COG220J500CT/349134.html"
"C11"	"TCC0603COG220J500CT"	"C0603"	"73.355mm"	"24.13mm"	"73.355mm"	"24.13mm"	"74.055mm"	"24.13mm"	"2"	"T"	"180"	"Yes"	"TCC0603COG220J500CT"	"22pF"	""	"LCSC"	"https://item.szlcsc.com/datasheet/TCC0603COG220J500CT/349134.html"
"C12"	"CL10A106KP8NNNC"	"C0603"	"63.5mm"	"11.684mm"	"63.5mm"	"11.684mm"	"62.8mm"	"11.684mm"	"2"	"T"	"0"	"Yes"	"CL10A106KP8NNNC"	"10uF"	""	"LCSC"	"https://item.szlcsc.com/datasheet/CL10A106KP8NNNC/20411.html"
"C13"	"CC0603KRX7R9BB104"	"C0603"	"66.548mm"	"13.208mm"	"66.548mm"	"13.208mm"	"65.848mm"	"13.208mm"	"2"	"T"	"0"	"Yes"	"CC0603KRX7R9BB104"	"100nF"	""	"LCSC"	"https://item.szlcsc.com/datasheet/CC0603KRX7R9BB104/15331.html"
"C20"	"CC0603KRX7R9BB104"	"C0603"	"57.404mm"	"26.162mm"	"57.404mm"	"26.162mm"	"56.704mm"	"26.162mm"	"2"	"T"	"0"	"Yes"	"CC0603KRX7R9BB104"	"100nF"	""	"LCSC"	"https://item.szlcsc.com/datasheet/CC0603KRX7R9BB104/15331.html"
"C21"	"CC0603KRX7R9BB104"	"C0603"	"60.452mm"	"26.162mm"	"60.452mm"	"26.162mm"	"59.752mm"	"26.162mm"	"2"	"T"	"0"	"Yes"	"CC0603KRX7R9BB104"	"100nF"	""	"LCSC"	"https://item.szlcsc.com/datasheet/CC0603KRX7R9BB104/15331.html"
"C22"	"CC0603KRX7R9BB104"	"C0603"	"63.5mm"	"26.162mm"	"63.5mm"	"26.162mm"	"62.8mm"	"26.162mm"	"2"	"T"	"0"	"Yes"	"CC0603KRX7R9BB104"	"100nF"	""	"LCSC"	"https://item.szlcsc.com/datasheet/CC0603KRX7R9BB104/15331.html"
"C23"	"CC0603KRX7R9BB104"	"C0603"	"66.548mm"	"26.162mm"	"66.548mm"	"26.162mm"	"65.848mm"	"26.162mm"	"2"	"T"	"0"	"Yes"	"CC0603KRX7R9BB104"	"100nF"	""	"LCSC"	"https://item.szlcsc.com/datasheet/CC0603KRX7R9BB104/15331.html"
"C24"	"CC0603KRX7R9BB104"	"C0603"	"71.12mm"	"33.528mm"	"71.12mm"	"33.528mm"	"71.12mm"	"32.828mm"	"2"	"T"	"90"	"Yes"	"CC0603KRX7R9BB104"	"100nF"	""	"LCSC"	"https://item.szlcsc.com/datasheet/CC0603KRX7R9BB104/15331.html"
"C25"	"CC0603KRX7R9BB104"	"C0603"	"71.12mm"	"37.592mm"	"71.12mm"	"37.592mm"	"71.12mm"	"36.892mm"	"2"	"T"	"90"	"Yes"	"CC0603KRX7R9BB104"	"100nF"	""	"LCSC"	"https://item.szlcsc.com/datasheet/CC0603KRX7R9BB104/15331.html"
"C26"	"CC0603KRX7R9BB104"	"C0603"	"71.12mm"	"41.656mm"	"71.12mm"	"41.656mm"	"71.12mm"	"40.956mm"	"2"	"T"	"90"	"Yes"	"CC0603KRX7R9BB104"	"100nF"	""	"LCSC"	"https://item.szlcsc.com/datasheet/CC0603KRX7R9BB104/15331.html"
"C27"	"CC0603KRX7R9BB104"	"C0603"	"71.12mm"	"45.72mm"	"71.12mm"	"45.72mm"	"71.12mm"	"45.02mm"	"2"	"T"	"90"	"Yes"	"CC0603KRX7R9BB104"	"100nF"	""	"LCSC"	"https://item.szlcsc.com/datasheet/CC0603KRX7R9BB104/15331.html"
"C28"	"CC0603KRX7R9BB104"	"C0603"	"57.404mm"	"41.656mm"	"57.404mm"	"41.656mm"	"56.704mm"	"41.656mm"	"2"	"T"	"0"	"Yes"	"CC0603KRX7R9BB104"	"100nF"	""	"LCSC"	"https://item.szlcsc.com/datasheet/CC0603KRX7R9BB104/15331.html"
"C29"	"CC0603KRX7R9BB104"	"C0603"	"60.452mm"	"41.656mm"	"60.452mm"	"41.656mm"	"59.752mm"	"41.656mm"	"2"	"T"	"0"	"Yes"	"CC0603KRX7R9BB104"	"100nF"	""	"LCSC"	"https://item.szlcsc.com/datasheet/CC0603KRX7R9BB104/15331.html"
"C30"	"CL10A106KP8NNNC"	"C0603"	"64.008mm"	"42.164mm"	"64.008mm"	"42.164mm"	"63.308mm"	"42.164mm"	"2"	"T"	"0"	"Yes"	"CL10A106KP8NNNC"	"10uF"	""	"LCSC"	"https://item.szlcsc.com/datasheet/CL10A106KP8NNNC/20411.html"
"C31"	"CL10A106KP8NNNC"	"C0603"	"67.818mm"	"42.164mm"	"67.818mm"	"42.164mm"	"67.118mm"	"42.164mm"	"2"	"T"	"0"	"Yes"	"CL10A106KP8NNNC"	"10uF"	""	"LCSC"	"https://item.szlcsc.com/datasheet/CL10A106KP8NNNC/20411.html"
"C32"	"CC0603KRX7R9BB104"	"C0603"	"51.308mm"	"20.828mm"	"51.308mm"	"20.828mm"	"51.308mm"	"20.128mm"	"2"	"T"	"90"	"Yes"	"CC0603KRX7R9BB104"	"100nF"	""	"LCSC"	"https://item.szlcsc.com/datasheet/CC0603KRX7R9BB104/15331.html"
"C40"	"CC0603KRX7R9BB104"	"C0603"	"44.45mm"	"45.466mm"	"44.45mm"	"45.466mm"	"43.75mm"	"45.466mm"	"2"	"T"	"0"	"Yes"	"CC0603KRX7R9BB104"	"100nF"	""	"LCSC"	"https://item.szlcsc.com/datasheet/CC0603KRX7R9BB104/15331.html"
"C41"	"CC0603KRX7R9BB104"	"C0603"	"30.226mm"	"19.812mm"	"30.226mm"	"19.812mm"	"29.526mm"	"19.812mm"	"2"	"T"	"0"	"Yes"	"CC0603KRX7R9BB104"	"100nF"	""	"LCSC"	"https://item.szlcsc.com/datasheet/CC0603KRX7R9BB104/15331.html"
"C42"	"CL10A105KB8NNNC"	"C0603"	"36.83mm"	"22.86mm"	"36.83mm"	"22.86mm"	"36.13mm"	"22.86mm"	"2"	"T"	"0"	"Yes"	"CL10A105KB8NNNC"	"1uF"	""	"LCSC"	"https://item.szlcsc.com/datasheet/CL10A105KB8NNNC/16531.html"
"C43"	"CC0603KRX7R9BB104"	"C0603"	"42.164mm"	"22.86mm"	"42.164mm"	"22.86mm"	"41.464mm"	"22.86mm"	"2"	"T"	"0"	"Yes"	"CC0603KRX7R9BB104"	"100nF"	""	"LCSC"	"https://item.szlcsc.com/datasheet/CC0603KRX7R9BB104/15331.html"
"C44"	"CC0603KRX7R9BB104"	"C0603"	"35.56mm"	"39.878mm"	"35.56mm"	"39.878mm"	"34.86mm"	"39.878mm"	"2"	"T"	"0"	"Yes"	"CC0603KRX7R9BB104"	"100nF"	""	"LCSC"	"https://item.szlcsc.com/datasheet/CC0603KRX7R9BB104/15331.html"
"C45"	"CC0603KRX7R9BB104"	"C0603"	"38.608mm"	"39.878mm"	"38.608mm"	"39.878mm"	"37.908mm"	"39.878mm"	"2"	"T"	"0"	"Yes"	"CC0603KRX7R9BB104"	"100nF"	""	"LCSC"	"https://item.szlcsc.com/datasheet/CC0603KRX7R9BB104/15331.html"
"C46"	"CC0603KRX7R9BB104"	"C0603"	"41.656mm"	"39.878mm"	"41.656mm"	"39.878mm"	"40.956mm"	"39.878mm"	"2"	"T"	"0"	"Yes"	"CC0603KRX7R9BB104"	"100nF"	""	"LCSC"	"https://item.szlcsc.com/datasheet/CC0603KRX7R9BB104/15331.html"
"C47"	"CC0603KRX7R9BB104"	"C0603"	"44.704mm"	"39.878mm"	"44.704mm"	"39.878mm"	"44.004mm"	"39.878mm"	"2"	"T"	"0"	"Yes"	"CC0603KRX7R9BB104"	"100nF"	""	"LCSC"	"https://item.szlcsc.com/datasheet/CC0603KRX7R9BB104/15331.html"
"C48"	"CL10A106KP8NNNC"	"C0603"	"47.752mm"	"39.878mm"	"47.752mm"	"39.878mm"	"47.052mm"	"39.878mm"	"2"	"T"	"0"	"Yes"	"CL10A106KP8NNNC"	"10uF"	""	"LCSC"	"https://item.szlcsc.com/datasheet/CL10A106KP8NNNC/20411.html"
"C49"	"CC0603KRX7R9BB104"	"C0603"	"36.83mm"	"43.18mm"	"36.83mm"	"43.18mm"	"36.13mm"	"43.18mm"	"2"	"T"	"0"	"Yes"	"CC0603KRX7R9BB104"	"100nF"	""	"LCSC"	"https://item.szlcsc.com/datasheet/CC0603KRX7R9BB104/15331.html"
"C50"	"CL10A106KP8NNNC"	"C0603"	"40.64mm"	"43.18mm"	"40.64mm"	"43.18mm"	"39.94mm"	"43.18mm"	"2"	"T"	"0"	"Yes"	"CL10A106KP8NNNC"	"10uF"	""	"LCSC"	"https://item.szlcsc.com/datasheet/CL10A106KP8NNNC/20411.html"
"C51"	"CC0603KRX7R9BB104"	"C0603"	"37.592mm"	"24.892mm"	"37.592mm"	"24.892mm"	"36.892mm"	"24.892mm"	"2"	"T"	"0"	"Yes"	"CC0603KRX7R9BB104"	"100nF"	""	"LCSC"	"https://item.szlcsc.com/datasheet/CC0603KRX7R9BB104/15331.html"
"C52"	"CC0603KRX7R9BB104"	"C0603"	"40.64mm"	"24.892mm"	"40.64mm"	"24.892mm"	"39.94mm"	"24.892mm"	"2"	"T"	"0"	"Yes"	"CC0603KRX7R9BB104"	"100nF"	""	"LCSC"	"https://item.szlcsc.com/datasheet/CC0603KRX7R9BB104/15331.html"
"C53"	"CC0603KRX7R9BB104"	"C0603"	"43.688mm"	"24.892mm"	"43.688mm"	"24.892mm"	"42.988mm"	"24.892mm"	"2"	"T"	"0"	"Yes"	"CC0603KRX7R9BB104"	"100nF"	""	"LCSC"	"https://item.szlcsc.com/datasheet/CC0603KRX7R9BB104/15331.html"
"C54"	"CC0603KRX7R9BB104"	"C0603"	"46.736mm"	"24.892mm"	"46.736mm"	"24.892mm"	"46.036mm"	"24.892mm"	"2"	"T"	"0"	"Yes"	"CC0603KRX7R9BB104"	"100nF"	""	"LCSC"	"https://item.szlcsc.com/datasheet/CC0603KRX7R9BB104/15331.html"
"C60"	"CC0603KRX7R9BB104"	"C0603"	"22.86mm"	"27.178mm"	"22.86mm"	"27.178mm"	"22.16mm"	"27.178mm"	"2"	"T"	"0"	"Yes"	"CC0603KRX7R9BB104"	"100nF"	""	"LCSC"	"https://item.szlcsc.com/datasheet/CC0603KRX7R9BB104/15331.html"
"C61"	"CC0603KRX7R9BB104"	"C0603"	"30.607mm"	"27.432mm"	"30.607mm"	"27.432mm"	"30.607mm"	"28.132mm"	"2"	"T"	"270"	"Yes"	"CC0603KRX7R9BB104"	"100nF"	""	"LCSC"	"https://item.szlcsc.com/datasheet/CC0603KRX7R9BB104/15331.html"
"C62"	"CL10A106KP8NNNC"	"C0603"	"33.274mm"	"25.146mm"	"33.274mm"	"25.146mm"	"33.274mm"	"25.846mm"	"2"	"T"	"270"	"Yes"	"CL10A106KP8NNNC"	"10uF"	""	"LCSC"	"https://item.szlcsc.com/datasheet/CL10A106KP8NNNC/20411.html"
"C63"	"TCC0603COG221J500CT"	"C0603"	"35.052mm"	"33.349mm"	"35.052mm"	"33.349mm"	"35.052mm"	"34.049mm"	"2"	"T"	"270"	"Yes"	"TCC0603COG221J500CT"	"220pF"	""	"LCSC"	"https://item.szlcsc.com/datasheet/TCC0603COG221J500CT/349135.html"
"D1"	"USBLC6-2SC6_C7519"	"SOT-23-6_L2.9-W1.6-P0.95-LS2.8-BL"	"78.74mm"	"14.224mm"	"78.74mm"	"14.224mm"	"77.79mm"	"13.075mm"	"6"	"T"	"0"	"Yes"	"USBLC6-2SC6"	""	"ESD"	"LCSC"	"https://item.szlcsc.com/datasheet/USBLC6-2SC6/7996.html"
"D2"	"19-217/GHC-YR1S2/3T"	"LED0603-RD"	"86.36mm"	"7.874mm"	"86.36mm"	"7.874mm"	"85.611mm"	"7.874mm"	"2"	"T"	"0"	"Yes"	"19-217/GHC-YR1S2/3T"	""	""	"LCSC"	""
"D3"	"KT-0603R"	"LED-SMD_L1.6-W0.8-R-RD"	"76.2mm"	"60.198mm"	"76.2mm"	"60.198mm"	"76.95mm"	"60.198mm"	"2"	"T"	"0"	"Yes"	"KT-0603R"	""	""	"LCSC"	"https://item.szlcsc.com/datasheet/KT-0603R/2659.html"
"F1"	"SMD1206P050TF_C146251"	"F1206"	"68.58mm"	"7.62mm"	"68.58mm"	"7.62mm"	"67.135mm"	"7.62mm"	"2"	"T"	"0"	"Yes"	"SMD1206P050TF"	""	""	"LCSC"	"https://atta.szlcsc.com/upload/public/pdf/source/20190516/C393936_420B0FABA34AF599CC1FFF27153B6079.pdf"
"FB1"	"GZ1608D601TF"	"L0603"	"62.23mm"	"7.62mm"	"62.23mm"	"7.62mm"	"61.53mm"	"7.62mm"	"2"	"T"	"0"	"Yes"	"GZ1608D601TF"	""	""	"LCSC"	"https://item.szlcsc.com/datasheet/GZ1608D601TF/1354.html"
"J1"	"TYPE-C-31-M-12"	"USB-C_SMD-TYPE-C-31-M-12_1"	"78.74mm"	"5.232mm"	"78.74mm"	"5.232mm"	"83.065mm"	"6.938mm"	"16"	"T"	"0"	"No"	"TYPE-C-31-M-12"	""	""	"LCSC"	"https://item.szlcsc.com/datasheet/TYPE-C-31-M-12/177331.html"
"J2"	"BNC-KWE-6"	"CONN-TH_BNC-KWE-6"	"13.97mm"	"29.337mm"	"13.97mm"	"29.337mm"	"13.97mm"	"29.337mm"	"5"	"T"	"0"	"No"	"BNC-KWE-6"	"6GHz"	""	"LCSC"	"https://item.szlcsc.com/datasheet/BNC-KWE-6/21743971.html"
"J3"	"2.54-2*5P简牛"	"IDC-TH_10P-P2.54_C5665"	"13.97mm"	"64.77mm"	"13.97mm"	"64.77mm"	"8.89mm"	"63.5mm"	"10"	"T"	"0"	"No"	"2.54-2*5P简牛"	""	""	"LCSC"	""
"J4"	"2.54-1*5"	"HDR-TH_5P-P2.54-V-M"	"81.28mm"	"66.04mm"	"81.28mm"	"66.04mm"	"76.2mm"	"66.04mm"	"5"	"T"	"0"	"No"	"2.54-1*5"	""	""	"LCSC"	"https://item.szlcsc.com/datasheet/2.54-1*5/5790714.html"
"R1"	"0603WAF5101T5E"	"R0603"	"70.612mm"	"4.572mm"	"70.612mm"	"4.572mm"	"69.859mm"	"4.572mm"	"2"	"T"	"0"	"Yes"	"0603WAF5101T5E"	"5.1kΩ"	"厚膜电阻"	"LCSC"	"https://item.szlcsc.com/datasheet/0603WAF5101T5E/23913.html"
"R2"	"0603WAF5101T5E"	"R0603"	"74.93mm"	"10.922mm"	"74.93mm"	"10.922mm"	"74.177mm"	"10.922mm"	"2"	"T"	"0"	"Yes"	"0603WAF5101T5E"	"5.1kΩ"	"厚膜电阻"	"LCSC"	"https://item.szlcsc.com/datasheet/0603WAF5101T5E/23913.html"
"R3"	"0603WAF1002T5E"	"R0603"	"84.074mm"	"27.686mm"	"84.074mm"	"27.686mm"	"83.321mm"	"27.686mm"	"2"	"T"	"0"	"Yes"	"0603WAF1002T5E"	"10kΩ"	"厚膜电阻"	"LCSC"	"https://item.szlcsc.com/datasheet/0603WAF1002T5E/26547.html"
"R4"	"0603WAF1002T5E"	"R0603"	"71.12mm"	"24.892mm"	"71.12mm"	"24.892mm"	"70.367mm"	"24.892mm"	"2"	"T"	"0"	"Yes"	"0603WAF1002T5E"	"10kΩ"	"厚膜电阻"	"LCSC"	"https://item.szlcsc.com/datasheet/0603WAF1002T5E/26547.html"
"R5"	"0603WAF1002T5E"	"R0603"	"71.12mm"	"27.94mm"	"71.12mm"	"27.94mm"	"70.367mm"	"27.94mm"	"2"	"T"	"0"	"Yes"	"0603WAF1002T5E"	"10kΩ"	"厚膜电阻"	"LCSC"	"https://item.szlcsc.com/datasheet/0603WAF1002T5E/26547.html"
"R7"	"0603WAF1001T5E"	"R0603"	"86.36mm"	"4.572mm"	"86.36mm"	"4.572mm"	"85.607mm"	"4.572mm"	"2"	"T"	"0"	"Yes"	"0603WAF1001T5E"	"1kΩ"	"厚膜电阻"	"LCSC"	"https://item.szlcsc.com/datasheet/0603WAF1001T5E/21904.html"
"R8"	"0603WAF330JT5E"	"R0603"	"74.93mm"	"30.988mm"	"74.93mm"	"30.988mm"	"74.177mm"	"30.988mm"	"2"	"T"	"0"	"Yes"	"0603WAF330JT5E"	"33Ω"	"厚膜电阻"	"LCSC"	"https://item.szlcsc.com/datasheet/0603WAF330JT5E/23867.html"
"R9"	"0603WAF330JT5E"	"R0603"	"78.74mm"	"30.988mm"	"78.74mm"	"30.988mm"	"77.987mm"	"30.988mm"	"2"	"T"	"0"	"Yes"	"0603WAF330JT5E"	"33Ω"	"厚膜电阻"	"LCSC"	"https://item.szlcsc.com/datasheet/0603WAF330JT5E/23867.html"
"R10"	"0603WAF330JT5E"	"R0603"	"82.55mm"	"30.988mm"	"82.55mm"	"30.988mm"	"81.797mm"	"30.988mm"	"2"	"T"	"0"	"Yes"	"0603WAF330JT5E"	"33Ω"	"厚膜电阻"	"LCSC"	"https://item.szlcsc.com/datasheet/0603WAF330JT5E/23867.html"
"R11"	"0603WAF330JT5E"	"R0603"	"86.36mm"	"30.988mm"	"86.36mm"	"30.988mm"	"85.607mm"	"30.988mm"	"2"	"T"	"0"	"Yes"	"0603WAF330JT5E"	"33Ω"	"厚膜电阻"	"LCSC"	"https://item.szlcsc.com/datasheet/0603WAF330JT5E/23867.html"
"R20"	"0603WAF1002T5E"	"R0603"	"57.404mm"	"21.59mm"	"57.404mm"	"21.59mm"	"56.651mm"	"21.59mm"	"2"	"T"	"0"	"Yes"	"0603WAF1002T5E"	"10kΩ"	"厚膜电阻"	"LCSC"	"https://item.szlcsc.com/datasheet/0603WAF1002T5E/26547.html"
"R21"	"0603WAF1002T5E"	"R0603"	"60.452mm"	"21.59mm"	"60.452mm"	"21.59mm"	"59.699mm"	"21.59mm"	"2"	"T"	"0"	"Yes"	"0603WAF1002T5E"	"10kΩ"	"厚膜电阻"	"LCSC"	"https://item.szlcsc.com/datasheet/0603WAF1002T5E/26547.html"
"R22"	"0603WAF1002T5E"	"R0603"	"54.356mm"	"20.32mm"	"54.356mm"	"20.32mm"	"54.356mm"	"19.567mm"	"2"	"T"	"90"	"Yes"	"0603WAF1002T5E"	"10kΩ"	"厚膜电阻"	"LCSC"	"https://item.szlcsc.com/datasheet/0603WAF1002T5E/26547.html"
"R23"	"0603WAF1002T5E"	"R0603"	"63.754mm"	"21.59mm"	"63.754mm"	"21.59mm"	"63.001mm"	"21.59mm"	"2"	"T"	"0"	"Yes"	"0603WAF1002T5E"	"10kΩ"	"厚膜电阻"	"LCSC"	"https://item.szlcsc.com/datasheet/0603WAF1002T5E/26547.html"
"R24"	"0603WAF1002T5E"	"R0603"	"66.548mm"	"21.59mm"	"66.548mm"	"21.59mm"	"65.795mm"	"21.59mm"	"2"	"T"	"0"	"Yes"	"0603WAF1002T5E"	"10kΩ"	"厚膜电阻"	"LCSC"	"https://item.szlcsc.com/datasheet/0603WAF1002T5E/26547.html"
"R40"	"0603WAF1002T5E"	"R0603"	"38.1mm"	"50.292mm"	"38.1mm"	"50.292mm"	"37.347mm"	"50.292mm"	"2"	"T"	"0"	"Yes"	"0603WAF1002T5E"	"10kΩ"	"厚膜电阻"	"LCSC"	"https://item.szlcsc.com/datasheet/0603WAF1002T5E/26547.html"
"R41"	"0603WAF330JT5E"	"R0603"	"49.53mm"	"47.752mm"	"49.53mm"	"47.752mm"	"48.777mm"	"47.752mm"	"2"	"T"	"0"	"Yes"	"0603WAF330JT5E"	"33Ω"	"厚膜电阻"	"LCSC"	"https://item.szlcsc.com/datasheet/0603WAF330JT5E/23867.html"
"R42"	"0603WAF330JT5E"	"R0603"	"53.34mm"	"50.292mm"	"53.34mm"	"50.292mm"	"52.587mm"	"50.292mm"	"2"	"T"	"0"	"Yes"	"0603WAF330JT5E"	"33Ω"	"厚膜电阻"	"LCSC"	"https://item.szlcsc.com/datasheet/0603WAF330JT5E/23867.html"
"R43"	"0603WAF1002T5E"	"R0603"	"55.88mm"	"52.07mm"	"55.88mm"	"52.07mm"	"55.127mm"	"52.07mm"	"2"	"T"	"0"	"Yes"	"0603WAF1002T5E"	"10kΩ"	"厚膜电阻"	"LCSC"	"https://item.szlcsc.com/datasheet/0603WAF1002T5E/26547.html"
"R44"	"0603WAF1000T5E"	"R0603"	"50.292mm"	"25.4mm"	"50.292mm"	"25.4mm"	"50.292mm"	"24.647mm"	"2"	"T"	"90"	"Yes"	"0603WAF1000T5E"	"100Ω"	"厚膜电阻"	"LCSC"	"https://atta.szlcsc.com/upload/public/pdf/source/20200306/C422600_1E6D84923E4A46A82E41ADD87F860B5C.pdf"
"R45"	"0603WAF1000T5E"	"R0603"	"50.292mm"	"29.083mm"	"50.292mm"	"29.083mm"	"50.292mm"	"28.33mm"	"2"	"T"	"90"	"Yes"	"0603WAF1000T5E"	"100Ω"	"厚膜电阻"	"LCSC"	"https://atta.szlcsc.com/upload/public/pdf/source/20200306/C422600_1E6D84923E4A46A82E41ADD87F860B5C.pdf"
"R46"	"0603WAF1000T5E"	"R0603"	"50.292mm"	"32.766mm"	"50.292mm"	"32.766mm"	"50.292mm"	"32.013mm"	"2"	"T"	"90"	"Yes"	"0603WAF1000T5E"	"100Ω"	"厚膜电阻"	"LCSC"	"https://atta.szlcsc.com/upload/public/pdf/source/20200306/C422600_1E6D84923E4A46A82E41ADD87F860B5C.pdf"
"R47"	"0603WAF1000T5E"	"R0603"	"50.292mm"	"36.449mm"	"50.292mm"	"36.449mm"	"50.292mm"	"35.696mm"	"2"	"T"	"90"	"Yes"	"0603WAF1000T5E"	"100Ω"	"厚膜电阻"	"LCSC"	"https://atta.szlcsc.com/upload/public/pdf/source/20200306/C422600_1E6D84923E4A46A82E41ADD87F860B5C.pdf"
"R48"	"0603WAF1000T5E"	"R0603"	"50.292mm"	"40.132mm"	"50.292mm"	"40.132mm"	"50.292mm"	"39.379mm"	"2"	"T"	"90"	"Yes"	"0603WAF1000T5E"	"100Ω"	"厚膜电阻"	"LCSC"	"https://atta.szlcsc.com/upload/public/pdf/source/20200306/C422600_1E6D84923E4A46A82E41ADD87F860B5C.pdf"
"R49"	"0603WAF1000T5E"	"R0603"	"50.292mm"	"43.815mm"	"50.292mm"	"43.815mm"	"50.292mm"	"43.062mm"	"2"	"T"	"90"	"Yes"	"0603WAF1000T5E"	"100Ω"	"厚膜电阻"	"LCSC"	"https://atta.szlcsc.com/upload/public/pdf/source/20200306/C422600_1E6D84923E4A46A82E41ADD87F860B5C.pdf"
"R50"	"0603WAF1000T5E"	"R0603"	"53.848mm"	"25.4mm"	"53.848mm"	"25.4mm"	"53.848mm"	"24.647mm"	"2"	"T"	"90"	"Yes"	"0603WAF1000T5E"	"100Ω"	"厚膜电阻"	"LCSC"	"https://atta.szlcsc.com/upload/public/pdf/source/20200306/C422600_1E6D84923E4A46A82E41ADD87F860B5C.pdf"
"R51"	"0603WAF1000T5E"	"R0603"	"53.848mm"	"29.083mm"	"53.848mm"	"29.083mm"	"53.848mm"	"28.33mm"	"2"	"T"	"90"	"Yes"	"0603WAF1000T5E"	"100Ω"	"厚膜电阻"	"LCSC"	"https://atta.szlcsc.com/upload/public/pdf/source/20200306/C422600_1E6D84923E4A46A82E41ADD87F860B5C.pdf"
"R52"	"0603WAF1000T5E"	"R0603"	"53.848mm"	"32.766mm"	"53.848mm"	"32.766mm"	"53.848mm"	"32.013mm"	"2"	"T"	"90"	"Yes"	"0603WAF1000T5E"	"100Ω"	"厚膜电阻"	"LCSC"	"https://atta.szlcsc.com/upload/public/pdf/source/20200306/C422600_1E6D84923E4A46A82E41ADD87F860B5C.pdf"
"R53"	"0603WAF1000T5E"	"R0603"	"53.848mm"	"36.449mm"	"53.848mm"	"36.449mm"	"53.848mm"	"35.696mm"	"2"	"T"	"90"	"Yes"	"0603WAF1000T5E"	"100Ω"	"厚膜电阻"	"LCSC"	"https://atta.szlcsc.com/upload/public/pdf/source/20200306/C422600_1E6D84923E4A46A82E41ADD87F860B5C.pdf"
"R54"	"0603WAF1000T5E"	"R0603"	"53.848mm"	"40.132mm"	"53.848mm"	"40.132mm"	"53.848mm"	"39.379mm"	"2"	"T"	"90"	"Yes"	"0603WAF1000T5E"	"100Ω"	"厚膜电阻"	"LCSC"	"https://atta.szlcsc.com/upload/public/pdf/source/20200306/C422600_1E6D84923E4A46A82E41ADD87F860B5C.pdf"
"R55"	"0603WAF1000T5E"	"R0603"	"53.848mm"	"43.815mm"	"53.848mm"	"43.815mm"	"53.848mm"	"43.062mm"	"2"	"T"	"90"	"Yes"	"0603WAF1000T5E"	"100Ω"	"厚膜电阻"	"LCSC"	"https://atta.szlcsc.com/upload/public/pdf/source/20200306/C422600_1E6D84923E4A46A82E41ADD87F860B5C.pdf"
"R60"	"0603WAF510JT5E"	"R0603"	"22.86mm"	"31.75mm"	"22.86mm"	"31.75mm"	"22.107mm"	"31.75mm"	"2"	"T"	"0"	"Yes"	"0603WAF510JT5E"	"51Ω"	"厚膜电阻"	"LCSC"	"https://item.szlcsc.com/datasheet/0603WAF510JT5E/23924.html"
"R61"	"0603WAF1003T5E"	"R0603"	"22.352mm"	"22.86mm"	"22.352mm"	"22.86mm"	"21.599mm"	"22.86mm"	"2"	"T"	"0"	"Yes"	"0603WAF1003T5E"	"100kΩ"	"厚膜电阻"	"LCSC"	"https://item.szlcsc.com/datasheet/0603WAF1003T5E/26546.html"
"R62"	"PTFR0603B1K00P9"	"R0603"	"22.86mm"	"38.1mm"	"22.86mm"	"38.1mm"	"22.107mm"	"38.1mm"	"2"	"T"	"0"	"Yes"	"PTFR0603B1K00P9"	"1kΩ"	"薄膜电阻"	"LCSC"	"https://item.szlcsc.com/datasheet/PTFR0603B1K00P9/308324.html"
"R63"	"PTFR0603B1K00P9"	"R0603"	"24.892mm"	"29.21mm"	"24.892mm"	"29.21mm"	"24.139mm"	"29.21mm"	"2"	"T"	"0"	"Yes"	"PTFR0603B1K00P9"	"1kΩ"	"薄膜电阻"	"LCSC"	"https://item.szlcsc.com/datasheet/PTFR0603B1K00P9/308324.html"
"R64"	"PTFR0603B10K0P9"	"R0603"	"29.972mm"	"36.576mm"	"29.972mm"	"36.576mm"	"30.725mm"	"36.576mm"	"2"	"T"	"180"	"Yes"	"PTFR0603B10K0P9"	"10kΩ"	"薄膜电阻"	"LCSC"	"https://item.szlcsc.com/datasheet/PTFR0603B10K0P9/308323.html"
"R65"	"PTFR0603B10K0P9"	"R0603"	"27.686mm"	"26.67mm"	"27.686mm"	"26.67mm"	"28.439mm"	"26.67mm"	"2"	"T"	"180"	"Yes"	"PTFR0603B10K0P9"	"10kΩ"	"薄膜电阻"	"LCSC"	"https://item.szlcsc.com/datasheet/PTFR0603B10K0P9/308323.html"
"R66"	"0603WAF1002T5E"	"R0603"	"29.972mm"	"38.608mm"	"29.972mm"	"38.608mm"	"30.725mm"	"38.608mm"	"2"	"T"	"180"	"Yes"	"0603WAF1002T5E"	"10kΩ"	"厚膜电阻"	"LCSC"	"https://item.szlcsc.com/datasheet/0603WAF1002T5E/26547.html"
"R67"	"0603WAF1002T5E"	"R0603"	"27.686mm"	"24.892mm"	"27.686mm"	"24.892mm"	"28.439mm"	"24.892mm"	"2"	"T"	"180"	"Yes"	"0603WAF1002T5E"	"10kΩ"	"厚膜电阻"	"LCSC"	"https://item.szlcsc.com/datasheet/0603WAF1002T5E/26547.html"
"R68"	"0603WAF1002T5E"	"R0603"	"29.972mm"	"21.59mm"	"29.972mm"	"21.59mm"	"29.219mm"	"21.59mm"	"2"	"T"	"0"	"Yes"	"0603WAF1002T5E"	"10kΩ"	"厚膜电阻"	"LCSC"	"https://item.szlcsc.com/datasheet/0603WAF1002T5E/26547.html"
"R69"	"0603WAF330JT5E"	"R0603"	"34.29mm"	"31.646mm"	"34.29mm"	"31.646mm"	"33.537mm"	"31.646mm"	"2"	"T"	"0"	"Yes"	"0603WAF330JT5E"	"33Ω"	"厚膜电阻"	"LCSC"	"https://item.szlcsc.com/datasheet/0603WAF330JT5E/23867.html"
"R70"	"0603WAF330JT5E"	"R0603"	"34.29mm"	"35.052mm"	"34.29mm"	"35.052mm"	"33.537mm"	"35.052mm"	"2"	"T"	"0"	"Yes"	"0603WAF330JT5E"	"33Ω"	"厚膜电阻"	"LCSC"	"https://item.szlcsc.com/datasheet/0603WAF330JT5E/23867.html"
"R80"	"0603WAF1002T5E"	"R0603"	"70.104mm"	"62.738mm"	"70.104mm"	"62.738mm"	"69.351mm"	"62.738mm"	"2"	"T"	"0"	"Yes"	"0603WAF1002T5E"	"10kΩ"	"厚膜电阻"	"LCSC"	"https://item.szlcsc.com/datasheet/0603WAF1002T5E/26547.html"
"R81"	"0603WAF1001T5E"	"R0603"	"72.898mm"	"60.198mm"	"72.898mm"	"60.198mm"	"72.145mm"	"60.198mm"	"2"	"T"	"0"	"Yes"	"0603WAF1001T5E"	"1kΩ"	"厚膜电阻"	"LCSC"	"https://item.szlcsc.com/datasheet/0603WAF1001T5E/21904.html"
"S1"	"TS-1187A-B-A-B"	"SW-SMD_4P-L5.1-W5.1-P3.70-LS6.5-TL_H1.5"	"62.23mm"	"62.992mm"	"62.23mm"	"62.992mm"	"59.23mm"	"64.842mm"	"4"	"T"	"0"	"Yes"	"TS-1187A-B-A-B"	""	""	"LCSC"	"https://item.szlcsc.com/datasheet/TS-1187A-B-A-B/299976.html"
"U1"	"GW1N-LV4QN88C6/I5"	"QFN-88_L10.0-W10.0-P0.40-BL-EP6.75"	"62.23mm"	"34.29mm"	"62.23mm"	"34.29mm"	"66.43mm"	"39.29mm"	"89"	"T"	"180"	"Yes"	"GW1N-LV4QN88C6/I5"	""	""	"LCSC"	""
"U2"	"ADC12010CIVYX/NOPB"	"LQFP-32_L7.0-W7.0-P0.80-LS9.0-TL"	"41.91mm"	"31.75mm"	"41.91mm"	"31.75mm"	"37.734mm"	"34.549mm"	"32"	"T"	"0"	"Yes"	"ADC12010CIVYX/NOPB"	""	""	"LCSC"	"https://www.ti.com/cn/lit/gpn/adc12010"
"U3"	"AD8137YRZ-REEL7"	"SOIC-8_L4.9-W3.9-P1.27-LS6.0-BL"	"29.972mm"	"31.75mm"	"29.972mm"	"31.75mm"	"28.067mm"	"29.15mm"	"8"	"T"	"0"	"Yes"	"AD8137YRZ-REEL7"	""	""	"LCSC"	"https://item.szlcsc.com/datasheet/AD8137YRZ-REEL7/32004.html"
"U4"	"CH347T"	"TSSOP-20_L6.5-W4.4-P0.65-LS6.4-BL"	"77.47mm"	"20.32mm"	"77.47mm"	"20.32mm"	"74.545mm"	"17.449mm"	"20"	"T"	"0"	"Yes"	"CH347T"	""	""	"LCSC"	"https://item.szlcsc.com/datasheet/CH347T/5712655.html"
"U5"	"AP2112K-3.3TRG1"	"SOT-25-5_L2.9-W1.6-P0.95-LS2.8-BL"	"83.82mm"	"11.43mm"	"83.82mm"	"11.43mm"	"82.87mm"	"10.13mm"	"5"	"T"	"0"	"Yes"	"AP2112K-3.3TRG1"	""	""	"LCSC"	"https://item.szlcsc.com/datasheet/AP2112K-3.3TRG1/52131.html"
"U6"	"SGM2037-1.2XN5G/TR"	"SOT-23-5_L2.9-W1.6-P0.95-LS2.8-BR"	"83.82mm"	"16.51mm"	"83.82mm"	"16.51mm"	"84.92mm"	"15.56mm"	"5"	"T"	"0"	"Yes"	"SGM2037-1.2XN5G/TR"	""	""	"LCSC"	"https://item.szlcsc.com/datasheet/SGM2037-1.2XN5G%252FTR/5779487.html"
"U7"	"REF3020AIDBZR"	"SOT-23-3_L3.0-W1.7-P0.95-LS2.9-BR"	"34.29mm"	"19.812mm"	"34.29mm"	"19.812mm"	"35.391mm"	"18.862mm"	"3"	"T"	"0"	"Yes"	"REF3020AIDBZR"	""	""	"LCSC"	"https://www.ti.com/lit/ds/symlink/ref30.pdf"
"U8"	"LMV321IDBVR_C7972"	"SOT-23-5_L3.0-W1.7-P0.95-LS2.8-BR"	"40.132mm"	"19.812mm"	"40.132mm"	"19.812mm"	"41.432mm"	"18.862mm"	"5"	"T"	"0"	"Yes"	"LMV321IDBVR"	""	""	"LCSC"	"https://www.ti.com/cn/lit/ds/symlink/lmv321.pdf"
"X1"	"SX3M10.000B10F20TNN"	"OSC-SMD_4P-L3.2-W2.5-BL"	"44.45mm"	"50.292mm"	"44.45mm"	"50.292mm"	"43.35mm"	"49.417mm"	"4"	"T"	"0"	"Yes"	"SX3M10.000B10F20TNN"	"10MHz"	""	"LCSC"	"https://item.szlcsc.com/datasheet/SX3M10.000B10F20TNN/6359117.html"
"Y1"	"3225 8M 20PF 10PPM"	"CRYSTAL-SMD_4P-L3.2-W2.5-BL"	"75.184mm"	"26.416mm"	"75.184mm"	"26.416mm"	"76.284mm"	"27.266mm"	"4"	"T"	"180"	"Yes"	"3225 8M 20PF 10PPM"	"8MHz"	"-"	"LCSC"	"https://item.szlcsc.com/datasheet/3225%25208M%252020PF%252010PPM/5840828.html"
"C6"	"CL10A106KP8NNNC"	"C0603"	"83.82mm"	"20.32mm"	"83.82mm"	"20.32mm"	"83.12mm"	"20.32mm"	"2"	"T"	"0"	"Yes"	"CL10A106KP8NNNC"	"10uF"	""	"LCSC"	"https://item.szlcsc.com/datasheet/CL10A106KP8NNNC/20411.html"
