Reference,Pin,Net
A1,,
A1,,
A1,,
A1,,
A1,1,HOST_D0
A1,2,HOST_D1
A1,3,GND
A1,4,HOST_D2
A1,5,HOST_D3
A1,6,HOST_D4
A1,7,HOST_D5
A1,8,GND
A1,9,HOST_D6
A1,10,HOST_D7
A1,11,HOST_WR
A1,12,HOST_RD
A1,13,GND
A1,14,HOST_CS
A1,15,HOST_IRQ
A1,16,HOST_SCK
A1,17,HOST_MOSI
A1,18,GND
A1,19,HOST_MISO
A1,20,HOST_AUX
A1,21,FPGA_RESET_N
A1,22,EXT_TRIG
A1,23,GND
A1,24,
A1,25,
A1,26,
A1,27,
A1,28,GND
A1,29,
A1,30,
A1,31,
A1,32,
A1,33,GND
A1,34,
A1,35,
A1,36,
A1,37,
A1,38,GND
A1,39,
A1,40,VBUS
C1,1,AFE_IN
C1,2,AFE_AC
C2,1,ADC_INP
C2,2,ADC_INM
C5,1,5VA
C5,2,GND
C6,1,5VA
C6,2,GND
C7,1,ADC_VCM
C7,2,GND
C8,1,ADC_VCM
C8,2,GND
C9,1,ADC_CLKM
C9,2,GND
C10,1,CLK40_RAW
C10,2,ADC_CLKP
C11,1,3V3_D
C11,2,GND
C12,1,3V3_D
C12,2,GND
C13,1,3V3_D
C13,2,GND
C14,1,3V3_D
C14,2,GND
C15,1,3V3_D
C15,2,GND
C16,1,3V3_D
C16,2,GND
C17,1,3V3_D
C17,2,GND
C18,1,3V3_D
C18,2,GND
C19,1,3V3_D
C19,2,GND
C20,1,3V3_D
C20,2,GND
C21,1,3V3_FPGA_A
C21,2,GND
C22,1,3V3_FPGA_A
C22,2,GND
C23,1,3V3_FPGA_A
C23,2,GND
C24,1,3V3_FPGA_A
C24,2,GND
C25,1,3V3_D
C25,2,GND
C26,1,3V3_FPGA_A
C26,2,GND
C27,1,3V3_D
C27,2,GND
C28,1,3V3_A
C28,2,GND
C29,1,3V3_D
C29,2,GND
C30,1,3V3_A
C30,2,GND
C31,1,3V3_D
C31,2,GND
C32,1,3V3_A
C32,2,GND
C33,1,3V3_A
C33,2,GND
C34,1,3V3_A
C34,2,GND
C35,1,3V3_A
C35,2,GND
C36,1,3V3_D
C36,2,GND
C37,1,3V3_D
C37,2,GND
C38,1,BUCK_BST
C38,2,BUCK_SW
C39,1,5V_FUSED
C39,2,GND
C40,1,3V3_RAW
C40,2,GND
C41,1,3V3_RAW
C41,2,GND
C42,1,3V3_D
C42,2,GND
D1,1,GND
D1,2,AFE_IN
D2,1,LED_R1
D2,2,3V3_D
D3,1,LED_R2
D3,2,FPGA_RUN
D4,1,LED_R3
D4,2,FPGA_TRIG
D5,1,LED_R4
D5,2,FPGA_SAT
D6,1,5V_FUSED
D6,2,USB_5V_PROTECTED
D7,1,5V_FUSED
D7,2,ALT_5V_IN
F1,1,VBUS
F1,2,USB_5V_PROTECTED
FB1,1,3V3_RAW
FB1,2,3V3_D
FB2,1,3V3_RAW
FB2,2,3V3_A
FB3,1,3V3_RAW
FB3,2,3V3_FPGA_A
FB4,1,5V_FUSED
FB4,2,5VA
H1,,
H2,,
H3,,
H4,,
J1,,
J1,,
J1,1,PMT_IN
J1,2,GND
J2,1,JTAG_TCK
J2,2,GND
J2,3,JTAG_TDO
J2,4,3V3_D
J2,5,JTAG_TMS
J2,6,
J2,7,
J2,8,
J2,9,JTAG_TDI
J2,10,GND
J3,1,3V3_D
J3,2,EXT_TRIG
J3,3,GND
J4,1,ALT_5V_IN
J4,2,GND
JP1,1,PMT_IN
JP1,2,TERM_50
JP2,1,AFE_IN
JP2,2,GAIN_SRC
JP2,3,AFE_AC
L1,1,BUCK_SW
L1,2,3V3_RAW
R1,1,TERM_50
R1,2,GND
R2,1,PMT_IN
R2,2,AFE_IN
R3,1,GAIN_H_SIG
R3,2,FDA_INN
R4,1,GAIN_H_GND
R4,2,FDA_INP
R5,1,GAIN_L_SIG
R5,2,FDA_INN
R6,1,GAIN_L_GND
R6,2,FDA_INP
R7,1,FDA_OUTP
R7,2,FDA_INN
R8,1,FDA_OUTN
R8,2,FDA_INP
R9,1,FDA_OUTP
R9,2,ADC_INM
R10,1,FDA_OUTN
R10,2,ADC_INP
R11,1,5VA
R11,2,FDA_PD
R12,1,3V3_D
R12,2,ADC_DFS
R13,1,ADC_DFS
R13,2,GND
R14,1,3V3_D
R14,2,CLK_OE
R15,1,CLK40_RAW
R15,2,FPGA_REFCLK
R16,1,ADC_CLKOUT
R16,2,FPGA_ADCCLK
R33,1,3V3_D
R33,2,JTAGEN
R34,1,3V3_D
R34,2,JTAG_TMS
R35,1,3V3_D
R35,2,JTAG_TDI
R36,1,JTAG_TCK
R36,2,GND
R37,1,3V3_D
R37,2,NCONFIG
R38,1,3V3_D
R38,2,NSTATUS
R39,1,3V3_D
R39,2,CONF_DONE
R40,1,3V3_D
R40,2,FPGA_RESET_N
R41,1,3V3_D
R41,2,EXT_TRIG
R42,1,GND
R42,2,LED_R1
R43,1,GND
R43,2,LED_R2
R44,1,GND
R44,2,LED_R3
R45,1,GND
R45,2,LED_R4
R46,1,GAIN_M_SIG
R46,2,FDA_INN
R47,1,GAIN_M_GND
R47,2,FDA_INP
RN1,1,ADC_D15
RN1,2,ADC_D14
RN1,3,ADC_D13
RN1,4,ADC_D12
RN1,5,FPGA_ADC_D12
RN1,6,FPGA_ADC_D13
RN1,7,FPGA_ADC_D14
RN1,8,FPGA_ADC_D15
RN2,1,ADC_D11
RN2,2,ADC_D10
RN2,3,ADC_D9
RN2,4,ADC_D8
RN2,5,FPGA_ADC_D8
RN2,6,FPGA_ADC_D9
RN2,7,FPGA_ADC_D10
RN2,8,FPGA_ADC_D11
RN3,1,ADC_D7
RN3,2,ADC_D6
RN3,3,ADC_D5
RN3,4,ADC_D4
RN3,5,FPGA_ADC_D4
RN3,6,FPGA_ADC_D5
RN3,7,FPGA_ADC_D6
RN3,8,FPGA_ADC_D7
RN4,1,ADC_D3
RN4,2,ADC_D2
RN4,3,ADC_D1
RN4,4,ADC_D0
RN4,5,FPGA_ADC_D0
RN4,6,FPGA_ADC_D1
RN4,7,FPGA_ADC_D2
RN4,8,FPGA_ADC_D3
SW1,1,GAIN_H_SIG
SW1,2,GAIN_M_SIG
SW1,3,GAIN_SRC
SW1,4,GAIN_L_SIG
SW1,5,GAIN_H_GND
SW1,6,GAIN_M_GND
SW1,7,GND
SW1,8,GAIN_L_GND
SW2,,
SW2,,
SW2,1,NCONFIG
SW2,2,GND
TP1,1,GND
TP2,1,5V_FUSED
TP3,1,3V3_D
TP4,1,3V3_A
TP5,1,ADC_VCM
U1,,
U1,,
U1,,
U1,,
U1,,
U1,,
U1,,
U1,,
U1,,
U1,1,3V3_FPGA_A
U1,2,3V3_FPGA_A
U1,3,GND
U1,4,GND
U1,5,
U1,6,
U1,7,
U1,8,
U1,9,3V3_D
U1,10,
U1,11,
U1,12,
U1,13,
U1,14,
U1,15,JTAGEN
U1,16,JTAG_TMS
U1,17,
U1,18,JTAG_TCK
U1,19,JTAG_TDI
U1,20,JTAG_TDO
U1,21,
U1,22,
U1,23,3V3_D
U1,24,
U1,25,
U1,26,
U1,27,
U1,28,
U1,29,
U1,30,
U1,31,3V3_D
U1,32,
U1,33,
U1,34,3V3_FPGA_A
U1,35,3V3_FPGA_A
U1,36,3V3_FPGA_A
U1,37,3V3_FPGA_A
U1,38,FPGA_ADC_D15
U1,39,FPGA_ADC_D14
U1,40,3V3_D
U1,41,FPGA_ADC_D13
U1,42,GND
U1,43,FPGA_ADC_D12
U1,44,FPGA_ADC_D11
U1,45,FPGA_ADC_D10
U1,46,FPGA_ADC_D9
U1,47,FPGA_ADC_D8
U1,48,
U1,49,3V3_D
U1,50,FPGA_ADC_D7
U1,51,3V3_FPGA_A
U1,52,FPGA_ADC_D6
U1,53,GND
U1,54,FPGA_ADC_D5
U1,55,
U1,56,FPGA_REFCLK
U1,57,
U1,58,FPGA_ADCCLK
U1,59,FPGA_ADC_D3
U1,60,FPGA_ADC_D2
U1,61,FPGA_ADC_D1
U1,62,FPGA_ADC_D0
U1,63,GND
U1,64,FPGA_ADC_D4
U1,65,
U1,66,
U1,67,3V3_D
U1,68,GND
U1,69,ADC_OVR
U1,70,
U1,71,3V3_FPGA_A
U1,72,3V3_FPGA_A
U1,73,3V3_FPGA_A
U1,74,HOST_D7
U1,75,HOST_D6
U1,76,HOST_D5
U1,77,HOST_D4
U1,78,HOST_D3
U1,79,HOST_D2
U1,80,HOST_D1
U1,81,HOST_D0
U1,82,3V3_D
U1,83,GND
U1,84,HOST_WR
U1,85,HOST_RD
U1,86,HOST_CS
U1,87,HOST_IRQ
U1,88,HOST_SCK
U1,89,HOST_MOSI
U1,90,HOST_MISO
U1,91,HOST_AUX
U1,92,FPGA_RESET_N
U1,93,EXT_TRIG
U1,94,3V3_D
U1,95,GND
U1,96,
U1,97,
U1,98,
U1,99,
U1,100,
U1,101,
U1,102,
U1,103,3V3_D
U1,104,GND
U1,105,
U1,106,
U1,107,3V3_FPGA_A
U1,108,3V3_FPGA_A
U1,109,3V3_FPGA_A
U1,110,FPGA_RUN
U1,111,FPGA_TRIG
U1,112,
U1,113,
U1,114,
U1,115,3V3_FPGA_A
U1,116,GND
U1,117,3V3_D
U1,118,
U1,119,
U1,120,FPGA_SAT
U1,121,
U1,122,
U1,123,
U1,124,
U1,125,GND
U1,126,
U1,127,
U1,128,3V3_D
U1,129,NCONFIG
U1,130,
U1,131,
U1,132,
U1,133,GND
U1,134,
U1,135,
U1,136,NSTATUS
U1,137,GND
U1,138,CONF_DONE
U1,139,3V3_D
U1,140,
U1,141,
U1,142,GND
U1,143,3V3_FPGA_A
U1,144,3V3_FPGA_A
U1,145,GND
U2,,
U2,,
U2,,
U2,,
U2,,
U2,,
U2,,
U2,,
U2,,
U2,,
U2,,
U2,,
U2,,
U2,,
U2,,
U2,,
U2,1,GND
U2,2,3V3_D
U2,3,ADC_OVR
U2,4,
U2,5,ADC_CLKOUT
U2,6,ADC_DFS
U2,7,3V3_D
U2,8,3V3_A
U2,9,GND
U2,10,ADC_CLKP
U2,11,ADC_CLKM
U2,12,GND
U2,13,ADC_VCM
U2,14,GND
U2,15,ADC_INP
U2,16,ADC_INM
U2,17,GND
U2,18,3V3_A
U2,19,GND
U2,20,3V3_A
U2,21,
U2,22,3V3_A
U2,23,GND
U2,24,3V3_A
U2,25,GND
U2,26,3V3_A
U2,27,3V3_D
U2,28,GND
U2,29,GND
U2,30,3V3_D
U2,31,ADC_D0
U2,32,ADC_D1
U2,33,ADC_D2
U2,34,ADC_D3
U2,35,3V3_D
U2,36,GND
U2,37,ADC_D4
U2,38,ADC_D5
U2,39,ADC_D6
U2,40,ADC_D7
U2,41,ADC_D8
U2,42,ADC_D9
U2,43,ADC_D10
U2,44,ADC_D11
U2,45,ADC_D12
U2,46,ADC_D13
U2,47,ADC_D14
U2,48,ADC_D15
U2,49,GND
U3,1,FDA_INN
U3,2,ADC_VCM
U3,3,5VA
U3,4,FDA_OUTP
U3,5,FDA_OUTN
U3,6,GND
U3,7,FDA_PD
U3,8,FDA_INP
U4,1,3V3_RAW
U4,2,5V_FUSED
U4,3,5V_FUSED
U4,4,GND
U4,5,BUCK_SW
U4,6,BUCK_BST
Y1,1,CLK_OE
Y1,2,GND
Y1,3,CLK40_RAW
Y1,4,3V3_D
